,accuracy,precision,recall,f1_score,roc_auc
Random Forest,0.989306795175226,0.9893525712641943,0.989306795175226,0.9892755019863745,0.9993866783275379
SVM,0.9511534403604323,0.9516632741747506,0.9511534403604323,0.9505280295141433,0.9834057661461668
Neural Network,0.9787276512019162,0.9788828511413182,0.9787276512019162,0.9786050556044775,0.9979469167270159
