,accuracy,precision,recall,f1_score,roc_auc
Random Forest,0.989306795175226,0.9893525712641943,0.989306795175226,0.9892755019863745,0.9993866783275379
SVM,0.9514385924890929,0.9518505054743939,0.9514385924890929,0.9508501342926755,0.9844405830485446
Neural Network,0.9838318743049417,0.9838448139941685,0.9838318743049417,0.9837845590033981,0.9988246354356816
